first_name,last_name,address,city,province,postal,phone1,email,web,order_id
Carole,Hughlett,9 N Central Ave,Abbotsford,BC,V2S 5R3,604-262-8556,carole_hughlett@hughlett.com,http://www.kolodnyhowardesq.com,BC022
Lasandra,Frisinger,1 Highway 71 S,Abbotsford,BC,V2S 2G5,604-210-7413,lfrisinger@cox.net,http://www.jmrmarketinggraphicscorp.com,AB265
Marleen,Hennon,2863 Brooklyn Terminal Mkt,Abbotsford,BC,V2S 4M2,604-545-3662,marleen_hennon@aol.com,http://www.welschmetalproductsinc.com,AB337
Darell,Mcalarney,8 E 92nd St,Ajax,ON,L1S 6V3,905-846-7737,darell_mcalarney@mcalarney.com,http://www.janneymontgomeryscottinc.com,BC039
Janae,Mair,8 S Mcmullen Dr #38,Ajax,ON,L1T 1R5,905-501-5086,janae_mair@cox.net,http://www.parkavenueaudioinc.com,AB302
Sarina,Pead,7821 16th St Nw,Ajax,ON,L1S 1S7,905-696-6221,spead@cox.net,http://www.burgessmanninginc.com,AB194
Dion,Lamastus,44 S Highland Dr,Albanel,QC,G8M 3P2,418-212-6756,dion_lamastus@lamastus.com,http://www.nationalcompugraphixinc.com,BC179
Kendra,Loud,6 Arch St #9757,Alcida,NB,E8J 2C4,506-363-1526,kloud@gmail.com,http://www.deloittetouche.com,BC001
Carol,Normington,1 S Kresson St,Alma,QC,G8E 1G2,418-540-2207,carol@gmail.com,http://www.westwoodspecialties.com,AB191
Dahlia,Benett,3986 Home Life,Alma,QC,G8B 1K7,418-344-9993,dahlia_benett@aol.com,http://www.docoschoolemplfedcrdtun.com,AB172
Valene,Madson,42 Main St,Alma,QC,G8B 7M5,418-646-3844,valene@madson.org,http://www.hjheinzfldofcdistrbctr.com,BC132
Anjelica,Lovero,689 S Steele St #1887,Amherst,NS,B4H 1K5,902-386-1443,anjelica@lovero.org,http://www.daytonappliancepartsco.com,BC145
Avery,Masso,6 Central Ave #664,Amherst,NS,B4H 1N1,902-588-8947,avery.masso@hotmail.com,http://www.farwesterntrophyawards.com,AB257
Margurite,Brake,258 S Ash Ave,Amherstburg,ON,N9V 1S8,519-476-5983,margurite.brake@yahoo.com,http://www.moyerdavidwesq.com,AB186
Kenneth,Drizin,2 Scott Blvd,Amos,QC,J9T 1S3,819-999-6396,kdrizin@aol.com,http://www.packagingcorpofamerica.com,BC134
Rochell,Wetherby,142 E 57th Ave #2,Amqui,QC,G5J 1E2,418-362-9768,rwetherby@wetherby.org,http://www.imgsceneinternetmultimedia.com,BC184
Lavina,Michelet,2719 N Delaware St,Anjou,QC,H1M 1X5,514-842-3549,lavina.michelet@michelet.org,http://www.environmentaldataresources.com,AB287
Salina,Knavel,4 Newark St,Arnprior,ON,K7S 2G8,613-280-7170,salina.knavel@gmail.com,http://www.schillerosbourn.com,BC029
Paola,Vielma,58 Hancock St,Aurora,ON,L4G 2J7,905-456-1117,paola_vielma@aol.com,http://www.congresstitle.com,BC005
Darrel,Makley,6 N Volusia Ave #2,Baie-Sainte-Anne,NB,E9A 1P1,506-839-5378,dmakley@yahoo.com,http://www.alliedsignalengines.com,BC202
Hui,Portaro,3 Mill Rd,Baker Brook,NB,E7A 1T3,506-827-7755,hui_portaro@cox.net,http://www.astorageinnofgloucester.com,AB104
Colby,Scotts,7 E 1st St,Barrie,ON,L4N 3M9,705-668-5094,cscotts@aol.com,http://www.masshumanservicescoalition.com,BC060
Crissy,Pacholec,85 S State St,Barrie,ON,L4N 6T7,705-477-2307,crissy@aol.com,http://www.cgisystemsinc.com,AB109
Tayna,Keirnan,18 Cowesett Ave,Barrie,ON,L4N 5C5,705-655-5936,tayna_keirnan@gmail.com,http://www.hartzjernestesq.com,BC101
Agustin,Lakatos,23 E Wacker Dr #64,Becancour,QC,G9H 4T4,819-365-5394,agustin.lakatos@hotmail.com,http://www.thrasherjohneesq.com,BC032
Dell,Polino,56 Corporate Dr,Becancour,QC,G9H 1H7,819-255-1725,dell_polino@polino.com,http://www.saintjohnneumannnursehome.com,BC016
Barney,Dewer,88 Norris Ave #2,Bedford,NS,B4A 3V5,902-287-1148,bdewer@gmail.com,http://www.anthonyrichardaesq.com,BC127
Alison,Mahlum,841 N Monroe St,Belleville,ON,K8N 2W3,613-862-3122,alison_mahlum@hotmail.com,http://www.walterjeromeinc.com,BC204
Brice,Rowe,5 New Circle Rd Ne,Belleville,ON,K8N 1R9,613-631-9322,brice_rowe@aol.com,http://www.marylandmatchcorp.com,AB301
Lourdes,Bauswell,9547 Belmont Rd #21,Belleville,ON,K8P 1B3,613-903-7043,lourdes_bauswell@aol.com,http://www.oklahomaneoninc.com,AB102
Lazaro,Mollison,31 E Middlefield Rd #8555,Beloeil,QC,J3G 3J4,450-356-6427,lazaro@gmail.com,http://www.uniteddrillinginc.com,BC045
Nadine,Swartzbeck,3 Federal Blvd,Beloeil,QC,J3G 4M4,450-353-2331,nadine_swartzbeck@swartzbeck.org,http://www.contactenterprises.com,BC047
Wenona,Braseth,7 Ramon Rd,Beloeil,QC,J3G 2C1,450-751-1928,wenona.braseth@braseth.org,http://www.weinbrendonbesq.com,BC190
Daniel,Dobler,259 W 17th St #39,Beresford,NB,E8K 1B7,506-617-2607,ddobler@dobler.com,http://www.cosgrovesnendplbghdwrco.com,AB350
Shawnee,Kesten,5 W Irving Park Rd,Big Ridge,NS,B1K 1X8,902-208-1038,shawnee@yahoo.com,http://www.namercnminquarequipinc.com,BC077
Yvette,Capiga,33 Broadway St #8539,Big Valley,AB,T0J 0G0,403-919-6456,yvette.capiga@yahoo.com,http://www.stierbrianeesq.com,BC130
Long,Shintaku,8 W 41st Ave,Blainville,QC,J7C 2R9,450-771-5010,long.shintaku@shintaku.org,http://www.georgetownagency.com,BC104
Coral,Brennick,15 Ludlow Ave #156,Boucherville,QC,J4B 1R5,450-480-7421,coral.brennick@brennick.com,http://www.barbourmichaeljesq.com,BC214
Darrin,Mathiasen,35 Peconic Ave #4,Boucherville,QC,J4B 3Y4,450-536-7426,dmathiasen@hotmail.com,http://www.miltondailystandard.com,BC228
Lea,Steinhaus,80 Maplewood Dr #34,Bradford,ON,L3Z 2S4,905-618-8258,lsteinhaus@cox.net,http://www.jameschristopheresq.com,AB105
Angelyn,Wieand,79 Craig Rd,Brampton,ON,L6X 0E3,905-838-3914,angelyn_wieand@wieand.com,http://www.edithflagginc.com,BC219
Kris,Bala,43 Gateway Blvd,Brampton,ON,L7A 2E8,905-848-5458,kris_bala@gmail.com,http://www.ustsubakiinc.com,BC238
Latonia,Helander,6325 Statesville Rd,Brampton,ON,L6V 4R8,905-723-5674,latonia@helander.com,http://www.gebhardtsmith.com,AB316
Sabine,Kaea,48 Lower Ragsdale Dr #1349,Brampton,ON,L6W 1A8,905-586-1138,sabine@gmail.com,http://www.westermanbryan.com,BC207
Verlene,Billow,8528 A Park Rd,Brampton,ON,L6P 0X3,905-486-5455,vbillow@billow.com,http://www.capitalenvirondrillsvcinc.com,BC210
Glennis,Roseum,1 Pershing Ave,Brandon,MB,R7A 4C6,204-514-9319,glennis.roseum@gmail.com,http://www.yorkserviceslandscpgdivsn.com,AB151
Shelton,Spannuth,4 Bloomfield Ave #5,Brandon,MB,R7B 1N3,204-364-5889,shelton.spannuth@yahoo.com,http://www.belldavidmesq.com,AB304
Carlene,Kana,541 N 88th Ave,Brantford,ON,N3T 2H4,519-930-5055,ckana@kana.com,http://www.oregoncherrygrowersinc.com,AB251
Yong,Yestramski,365 Zebra Pl,Brantford,ON,N3R 3C6,519-344-3979,yong_yestramski@aol.com,http://www.kraftfoodserviceinc.com,AB254
Shay,Knieper,571 Maiden Ln #7,Brossard,QC,J4X 1J9,450-806-3050,shay.knieper@gmail.com,http://www.rabypauled.com,AB263
Jesse,Wida,1 E Gabilan St,Burlington,ON,L7T 3Y9,905-356-4735,jesse@wida.com,http://www.mtplsntdlytribunesunday.com,BC215
Miriam,Stakes,784 Packerland Dr,Burlington,ON,L7L 5E8,905-441-5009,miriam.stakes@yahoo.com,http://www.signmagic.com,AB207
Olga,Adessa,8507 Upland St,Burlington,ON,L7P 4T1,905-775-6413,oadessa@cox.net,http://www.weissarnoldmcpa.com,AB246
Tayna,Sine,99 Garfield Ave #370,Burlington,ON,L7R 3Y8,905-334-8817,tayna_sine@sine.com,http://www.baileylesliesq.com,BC211
Adela,Echegoyen,128 W Kellogg Dr,Burnaby,BC,V5B 4L5,604-571-8392,adela.echegoyen@echegoyen.org,http://www.fpacorp.com,AB321
Annamae,Beliles,8939 Merrill Field Dr,Burnaby,BC,V5G 4J9,604-877-2244,abeliles@gmail.com,http://www.halberstadtbradleyjesq.com,AB236
Blythe,Czaplinski,4 S 4th St,Calgary,AB,T2V 2M5,403-775-4053,blythe_czaplinski@czaplinski.com,http://www.ebwincenterprisebrassworks.com,BC091
Caren,Doscher,1770 Mission Ave,Calgary,AB,T3H 2S3,403-344-3614,cdoscher@doscher.org,http://www.personalchristianitychapel.com,AB264
Christa,Cloutier,743 Wolfert Ave,Calgary,AB,T2L 2G4,403-461-2407,ccloutier@hotmail.com,http://www.abcfinancialsystems.com,BC170
Claudio,Hummell,432 Eastman Ave,Calgary,AB,T3L 2H1,403-481-8843,claudio_hummell@hotmail.com,http://www.blattharoldgesq.com,AB320
Desirae,Oien,200 W Bijou St #6013,Calgary,AB,T2C 0Z5,403-405-2804,desirae.oien@hotmail.com,http://www.lpconstruction.com,BC231
Elvis,Tenuta,6437 Date Palm Dr,Calgary,AB,T2B 0X5,403-415-1285,elvis_tenuta@tenuta.org,http://www.beloitboxboardco.com,AB170
Gearldine,Haberle,62 N 3rd St,Calgary,AB,T2J 0S5,403-810-3712,gearldine_haberle@hotmail.com,http://www.robertglendistributingco.com,BC088
Gianna,Branin,100 Main St,Calgary,AB,T2K 4X5,403-337-7162,gianna@aol.com,http://www.allbrevardcertapprslsinc.com,BC009
Hana,Meisel,6 E Rand Rd #73,Calgary,AB,T2J 1G9,403-696-7108,hana.meisel@yahoo.com,http://www.whiteheaddavidbarryesq.com,AB300
Joaquin,Geitner,6410 E State Hwy,Calgary,AB,T2K 4M8,403-640-8755,joaquin_geitner@cox.net,http://www.cellularone.com,BC237
Kenia,Sharples,611 Grand Ave,Calgary,AB,T2J 1Y3,403-341-7208,kenia_sharples@hotmail.com,http://www.marchotelsresortsinc.com,AB286
Leila,Titzer,9 Constitution Ave,Calgary,AB,T2X 2M9,403-733-8035,leila_titzer@aol.com,http://www.dwrogersco.com,AB235
Leonardo,Leahman,80 Wisconsin Ave,Calgary,AB,T2L 1X5,403-328-5056,leonardo@aol.com,http://www.jacksgeraldhesq.com,AB295
Marshall,Fitgerald,526 Main St,Calgary,AB,T2M 4H2,403-918-5509,marshall_fitgerald@cox.net,http://www.mpwcommunitiesofnj.com,BC227
Marya,Chhour,661 Pitkin Ave,Calgary,AB,T3Z 3S8,403-382-4146,marya@cox.net,http://www.auchterindustrialvacinc.com,AB156
Oliva,Ramerez,8688 Manning Blvd #547,Calgary,AB,T2C 1W4,403-690-1059,oramerez@yahoo.com,http://www.summitdynamics.com,AB261
Renato,Airhart,1 Vernon Blvd,Calgary,AB,T2A 2H9,403-444-2250,renato_airhart@hotmail.com,http://www.supermotel.com,BC018
Rene,Granier,4241 Tapp St,Calgary,AB,T3Z 1H1,403-438-9257,rene@cox.net,http://www.cohenmortimersesq.com,BC233
Susy,Finstad,6 N Town East Blvd,Calgary,AB,T2X 0J3,403-571-8756,sfinstad@aol.com,http://www.weinersheldonmd.com,AB293
Bethanie,Cutsforth,5 Victory Ave,Cambridge,ON,N1S 2S8,519-328-4250,bethanie_cutsforth@cutsforth.org,http://www.fourstarlabelcoinc.com,AB230
Frank,Amend,2583 Lincoln Blvd,Cambridge,ON,N1S 1A7,519-823-9369,frank@yahoo.com,http://www.preferredservicegroupinc.com,BC164
Lang,Heuring,2 Global Rd,Cambridge,ON,N1R 2X2,519-985-7311,lang@cox.net,http://www.hillrealtypropertymgmt.com,AB132
Noel,Marrazzo,91 E Cary St,Camrose,AB,T4V 2Y4,780-447-2249,noel@cox.net,http://www.marketdecisionsinc.com,BC200
Willie,Coughlan,8545 S Westshore Blvd,Cantley,QC,J8V 3K1,819-869-6389,willie@aol.com,http://www.brooktronicsengineeringcorp.com,BC085
Jacquline,Libbey,647 S Rainbow Blvd Bldg #4577,Cap-aux-Meules,QC,G4T 1M6,418-682-7368,jacquline@cox.net,http://www.gwinnmalcolmsesq.com,BC186
Tenesha,Stropko,648 Waihona St #1152,Cardigan,NB,E6B 1L7,506-629-6209,tenesha.stropko@aol.com,http://www.guroffjuliahesq.com,AB245
Rashad,Menino,8 Commercial Ave,Carleton Place,ON,K7C 2T3,613-697-2555,rashad.menino@menino.com,http://www.worldsignassociates.com,AB135
Madonna,Landman,283 Andover St,Castlegar,BC,V1N 3P7,250-307-7698,madonna.landman@landman.com,http://www.brownglennesq.com,AB140
Franchesca,Lamme,3208 W Touhy Ave,Charlottetown,PE,C1E 1W8,902-715-9684,franchesca_lamme@yahoo.com,http://www.euorpeanpretzelbakery.com,BC110
Azalee,Aja,2607 Market St,Chateauguay,QC,J6J 3J8,450-515-9694,azalee.aja@cox.net,http://www.interioralternative.com,AB189
Hyun,Zarazua,8718 N 13th Ave,Chatham,ON,N7L 5C4,519-287-4120,hyun_zarazua@cox.net,http://www.vrfoodequiptsalesinc.com,AB289
King,Suman,79 Lexington Ave #83,Chicoutimi,QC,G7J 4W9,418-470-4541,king@cox.net,http://www.meekassociatesrealestate.com,BC175
Mabel,Fower,709 W Waters Ave,Chicoutimi,QC,G7H 3T5,418-339-7473,mabel_fower@fower.com,http://www.swartzjohnlesq.com,AB157
Starr,Prothro,133 Us Highway 206,Chicoutimi,QC,G7H 4M5,418-811-3750,sprothro@prothro.com,http://www.gsroofingcompany.com,BC050
Wayne,Shivers,865 Ponce De Leon Blvd,Chicoutimi,QC,G7H 6A2,418-374-1965,wayne@aol.com,http://www.rampage.com,AB143
Aron,Leuthold,9 Park St,Chilliwack,BC,V2P 3X4,604-637-3549,aron_leuthold@leuthold.com,http://www.huberjresq.com,AB288
Lakeesha,Beachel,1 Sw 72nd Ave,Chilliwack,BC,V2P 4W3,604-352-7502,lakeesha_beachel@aol.com,http://www.oliverakeithresq.com,BC131
Lynsey,Sport,7 Mccrea St,Chilliwack,BC,V2P 6L6,604-525-6939,lynsey.sport@aol.com,http://www.rossdonaldjesq.com,AB214
Devon,Delacerda,250 University Ave #9,Comox,BC,V9M 1T4,250-525-4631,devon@hotmail.com,http://www.kconinc.com,AB223
Margo,Rand,344 Lyndon St,Concord,ON,L4K 1J7,905-781-3868,margo@rand.org,http://www.muscleboundbindery.com,BC071
Pearline,Provenzano,611 S 2nd St,Concord,ON,L4K 1V4,905-734-9102,pearline.provenzano@provenzano.org,http://www.informationmarketingsvcinc.com,BC076
Brendan,Kasperek,84 L St #98,Coquitlam,BC,V3E 2W1,604-947-9315,brendan_kasperek@yahoo.com,http://www.aebigsheenaresq.com,AB238
Maricela,Conger,865 N Port Ave,Coquitlam,BC,V3E 1Y4,604-568-1899,mconger@aol.com,http://www.phaseoneofficeproducts.com,BC245
Ruby,Sensibaugh,637 Wright Rd,Coquitlam,BC,V3K 2P4,604-553-2468,ruby@sensibaugh.com,http://www.qualexinc.com,BC163
Odette,Thigpen,1831 Everett Rd,Corner Brook,NL,A2H 2K1,709-744-4165,othigpen@thigpen.com,http://www.beauregardfederalsavingsbnk.com,AB220
Armanda,Mcduffie,989 Wyatt Dr #7,Cowansville,QC,J2K 2M6,450-866-7181,armanda.mcduffie@hotmail.com,http://www.voilsotisv.com,BC068
Lawanda,Jacocks,92 A Glenneyre Ave,Cranbrook,BC,V1C 4E3,250-226-8113,lawanda.jacocks@gmail.com,http://www.houmafabricatorsinc.com,AB292
Dianne,Tomasic,53 6  17 M At Bradleys,Dartmouth,NS,B2Y 3L2,902-938-6891,dianne@yahoo.com,http://www.samiosgusesq.com,AB154
Enola,Yandow,7 Sw 5th Ave,Dartmouth,NS,B2W 6G3,902-539-1621,eyandow@cox.net,http://www.brananphotography.com,BC125
Trevor,Harnist,99 Hart St,Dartmouth,NS,B2Y 1G7,902-782-2576,trevor.harnist@hotmail.com,http://www.meraglioruisselljjr.com,AB334
Macy,Massay,6 N Water St,Dauphin,MB,R7N 2C7,204-656-8450,macy@hotmail.com,http://www.chfenstermakerassocsinc.com,BC090
Sanda,Laramie,5181 N Alma School Rd,Dawson Creek,BC,V1G 1Y2,250-700-8923,slaramie@laramie.org,http://www.trafalgarcorp.com,AB229
Oliva,Ambert,1 Broadway St,Dawson Settlement,NB,E4H 2B6,506-672-7328,oambert@gmail.com,http://www.kleinshallmarkcards.com,AB343
Sonia,Blan,924 W Saint Mary Blvd,Deer Lake,NL,A8A 2A6,709-512-6346,sblan@blan.com,http://www.kinkoscopies.com,AB309
Josefa,Opitz,136 W Grand Ave #3,Delhi,ON,N4B 1C4,519-788-7645,josefa.opitz@opitz.org,http://www.normangaleisuzu.com,BC004
Keith,Evartt,973 El Camino Real,Derby Junction,NB,E1V 5B4,506-229-5393,kevartt@evartt.com,http://www.hamletfredtesq.com,BC138
Florinda,Mackedanz,2782 Midland Ave,Dieppe,NB,E1A 8X6,506-230-8075,florinda_mackedanz@mackedanz.org,http://www.hoytrobertfesq.com,AB147
An,Dosal,8 Leoole St #3,Drummondville,QC,J2B 3J9,819-324-8832,adosal@hotmail.com,http://www.cpaaffiliatesinc.com,BC136
Melvin,Rather,8794 34th Ave,Drummondville,QC,J2B 3S8,819-418-3496,melvin.rather@aol.com,http://www.miltcharnoassocinc.com,AB262
Jenifer,Emanuel,78 152nd Ave #4179,Duncan,BC,V9L 4G2,250-947-2063,jemanuel@emanuel.com,http://www.bambrickvtimothyfesq.com,BC062
Kimbery,Plikerd,62 15th Ave #63,Duncan,BC,V9L 2E9,250-504-9388,kimbery.plikerd@cox.net,http://www.bainjameswesq.com,BC089
Lorriane,Naddeo,7 Airway Cir,Duncan,BC,V9L 2T9,250-544-1482,lorriane.naddeo@naddeo.org,http://www.americanspaceplannersinc.com,AB211
Annamaria,Vanhuss,8348 1st Ave W,Dundas,ON,L9H 2C3,905-495-3301,annamaria.vanhuss@cox.net,http://www.calldellr.com,BC155
Cletus,Stapels,9713 Wilbur Ave #163,Edmonton,AB,T6P 1K3,780-674-7330,cletus_stapels@cox.net,http://www.fewelnorthwestinc.com,BC209
Ellen,Fajen,32 Marguerite Pky,Edmonton,AB,T6A 0L9,780-720-7927,ellen.fajen@aol.com,http://www.kowallcarolesq.com,BC171
Glendora,Pezley,2 80e E #7867,Edmonton,AB,T5Y 3J7,780-508-2609,glendora.pezley@cox.net,http://www.johnlscottrealestate.com,BC150
Huey,Marcille,169 Journal Sq,Edmonton,AB,T5P 1G9,780-639-3619,huey.marcille@gmail.com,http://www.southernidahopipestlcorp.com,BC007
Johna,Magathan,1724 W Dodge Rd,Edmonton,AB,T6K 4E5,780-994-6272,jmagathan@magathan.org,http://www.parkmetalinc.com,AB325
Kelvin,Hasha,18 Duluth St,Edmonton,AB,T5M 4A7,780-227-7373,khasha@hotmail.com,http://www.orourkedenisemichelleesq.com,AB328
Lashaun,Casteneda,894 Feather River Blvd,Edmonton,AB,T6L 4W9,780-751-5370,lashaun.casteneda@casteneda.com,http://www.geraldaconigliomdfacs.com,AB278
Nydia,Ancar,5 Pittsford Victor Rd,Edmonton,AB,T5V 1M7,780-924-8022,nydia.ancar@ancar.com,http://www.ccindustries.com,BC199
Tamera,Crocker,652 Pacific Hwy,Edmonton,AB,T5C 3M1,780-833-7024,tcrocker@cox.net,http://www.cooperkelley.com,BC161
Delsie,Cerao,2 Us Highway 206,English Settlement,NB,E6B 2J9,506-795-5209,delsie.cerao@cerao.org,http://www.bacompt.com,AB332
Ailene,Friedman,479 Commerce Park,Enterprise,NB,E7G 1M2,506-907-7068,ailene@yahoo.com,http://www.spectorthreadco.com,AB232
Miesha,Walen,2 Executive Blvd,Espanola,ON,P5E 1C1,705-646-4992,miesha@aol.com,http://www.nabiscoinc.com,BC178
Adolph,Krivanec,6605 Federal St,Etobicoke,ON,M8Y 3L6,416-736-1436,akrivanec@hotmail.com,http://www.sasrubberinc.com,BC048
Allene,Perera,7167 Bethlehem Pike #80,Etobicoke,ON,M9P 1J9,416-681-6822,allene@yahoo.com,http://www.mticorp.com,BC194
Chandra,Lagos,7 N Dean St,Etobicoke,ON,M8Z 3P6,416-716-6446,chandra.lagos@lagos.org,http://www.meredithrealtygroupinc.com,BC008
Iesha,Wardle,781 Alabama Ave,Etobicoke,ON,M8Z 2C1,416-989-2001,iesha@gmail.com,http://www.honkercutmarine.com,AB121
Jin,Perry,18 Cameron St,Etobicoke,ON,M9C 2W4,416-463-6411,jin_perry@gmail.com,http://www.arenspublicationsprinting.com,BC180
Josue,Hatherly,755 135th St,Etobicoke,ON,M9W 1M9,416-337-2239,jhatherly@hatherly.org,http://www.unitedstateschromecorpca.com,BC133
Marva,Kountz,1 N Main St #16,Etobicoke,ON,M9A 0A5,416-494-3939,marva@gmail.com,http://www.rabindanielsesq.com,AB279
Ollie,Oliverson,1 W 8th,Etobicoke,ON,M9W 3W4,416-762-4001,ooliverson@cox.net,http://www.redemannrobertpesq.com,BC225
Sina,Masiejczyk,3067 W Wabansia Ave,Etobicoke,ON,M9C 5B4,416-369-7013,smasiejczyk@cox.net,http://www.misionerosdelcamino.com,BC141
Tanesha,Tesseneer,326 Witherspoon St,Etobicoke,ON,M9R 2W5,416-568-3388,tanesha_tesseneer@hotmail.com,http://www.alexfriesbrosinc.com,AB192
Vinnie,Meir,559 Bridge Plz,Etobicoke,ON,M8Y 1G5,416-862-7028,vmeir@meir.com,http://www.halbarenterpriseswholclthng.com,AB205
Shala,Ogle,4956 Midway Rd #65,Fatima,QC,G4T 2N4,418-823-9061,shala_ogle@ogle.org,http://www.plazainn.com,BC189
Herminia,Penso,880 W South Water Market,Fort McMurray,AB,T9H 3A8,780-740-5294,hpenso@cox.net,http://www.jurgemeyerfreyhaufe.com,AB258
Apolonia,Warne,3 E 31st St #77,Fredericton,NB,E3G 0A3,506-978-1488,apolonia@gmail.com,http://www.kitchenpeople.com,AB108
Dolores,Moltz,80 S Beckley St,Fredericton,NB,E3B 2P9,506-216-2028,dolores@yahoo.com,http://www.autoexchange.com,AB308
Florinda,Haycock,6096 N Michigan Ave,Gatineau,QC,J8P 4L6,819-820-6568,florinda_haycock@cox.net,http://www.janikfrankjiii.com,BC196
Marion,Letran,5670 Leonis Blvd,Gatineau,QC,J8Y 5Z4,819-966-7240,marion_letran@cox.net,http://www.snyderdanielesq.com,BC156
Terrilyn,Waska,6 E Miraloma Ave,Gatineau,QC,J8M 2A5,819-670-6020,terrilyn_waska@hotmail.com,http://www.corallinorobertlcpa.com,BC118
Thora,Daneker,6 Old York Rd,Gatineau,QC,J8P 3A1,819-648-4049,tdaneker@daneker.com,http://www.engravers.com,BC121
Titus,Dugre,419 N Dixboro Rd #8,Gatineau,QC,J9J 0V4,819-983-1846,titus.dugre@dugre.org,http://www.americanlungassoc.com,BC083
Cordelia,Nicks,572 Simpson St,Georgetown,ON,L7G 2T4,905-975-4308,cnicks@nicks.org,http://www.pacificvalleyappraisalsvc.com,AB215
Viola,Eddens,51 S Hulen St,Grand Manan,NB,E5G 3A8,506-772-3108,veddens@eddens.org,http://www.halescornersvillageprinting.com,AB306
Yan,Bubrig,712 N 5th St,Grand Manan,NB,E5G 1L1,506-493-4894,yan@cox.net,http://www.databaseprogrammingdesign.com,BC041
Paola,Perkins,3951 Seaway Dr,Grande Prairie,AB,T8V 4G4,780-573-8903,paola.perkins@aol.com,http://www.mkgouldingandassociates.com,AB252
Georgiann,Hoerter,4945 Progress Dr,Grand-Mere,QC,G9T 3C3,819-632-2869,georgiann_hoerter@hoerter.com,http://www.oravastephenjesq.com,AB212
Elfriede,Bakeley,538 Fayetteville Street Mall,Grand-Sault/Grand Falls,NB,E3Z 2K5,506-404-8558,ebakeley@bakeley.com,http://www.kreiradiostation.com,AB217
Lashanda,Skahan,739 Stockton Ave,Gray Rapids,NB,E9B 1G6,506-497-2698,lashanda.skahan@aol.com,http://www.monogramco.com,AB181
Cortney,Choice,80 S 33rd Pl,Greenfield Park,QC,J4V 3G8,450-339-6016,cortney.choice@choice.com,http://www.schulmanrichardjesq.com,AB197
Cherelle,Welschmeyer,2 Ramona Ave #6,Guelph,ON,N1E 5N9,519-322-9933,cherelle@hotmail.com,http://www.woodrowtaylorhomesnvltd.com,BC139
Gilma,Jefferys,147 E Centre St,Halifax,NS,B3H 4E1,902-804-8543,gjefferys@aol.com,http://www.celestindesigncentre.com,AB168
Ira,Betterton,935 S Padre Island Dr,Halifax,NS,B3K 3E4,902-240-7029,ira.betterton@yahoo.com,http://www.andersenconsulting.com,BC097
Kathrine,Kaper,100 Rombouts Ave,Halifax,NS,B3N 2X2,902-500-1564,kkaper@aol.com,http://www.davismaxonresq.com,BC193
Ronnie,Kettelle,3 Avenue Rt 295 #199,Halifax,NS,B3H 1M2,902-367-7042,ronnie_kettelle@aol.com,http://www.purewtrincwrldwdcorprt.com,BC056
Shelba,Kast,56 Washington Rd,Halifax,NS,B3K 2C1,902-654-7334,shelba.kast@yahoo.com,http://www.mccarnenterprisesinc.com,BC183
Adria,Gilliam,60 15th Ave,Hamilton,ON,L8N 2V6,905-563-9396,adria_gilliam@cox.net,http://www.brokersmarketplace.com,BC151
Elise,Michelle,88 E Saint Elmo Rd,Hamilton,ON,L8R 3J3,905-652-4509,elise@gmail.com,http://www.thurmanwilliamtesq.com,BC012
Fletcher,Caneles,87 Spencerville Ct #2,Hamilton,ON,L8S 3V2,905-992-1637,fcaneles@caneles.com,http://www.hycitecorp.com,AB209
Georgeanna,Marrano,3493 Camino Ruiz,Hamilton,ON,L8N 2V6,905-366-7378,gmarrano@gmail.com,http://www.alliedfinefurniture.com,BC115
Polly,Sandusky,39 Logan Ave #9518,Hamilton,ON,L9A 4H9,905-705-6018,polly.sandusky@cox.net,http://www.passumpsicsavingsbank.com,AB248
Reyes,Mesmer,9 E Thayer Ave #3,Hamilton,ON,L8S 2N1,905-402-9203,reyes@mesmer.org,http://www.richardsondavidjesq.com,BC059
Tandra,Castillanos,629 105th Ave,Hamilton,ON,L9C 3G2,905-715-9339,tcastillanos@castillanos.com,http://www.stonycreekapartments.com,BC230
Carla,Kallenberger,8 Commercial Blvd #9,Hanover,ON,N4N 1Z7,519-646-7797,carla@aol.com,http://www.mcginnessshaw.com,BC080
Jerilyn,Norcia,9 Main St,Hanover,ON,N4N 2P6,519-978-7661,jerilyn@hotmail.com,http://www.jaquawheatleypc.com,BC116
Meghann,Mamudoski,7675 N Solano Dr,Hebbville,NS,B4V 7A2,902-348-8759,meghann@cox.net,http://www.hamptoninnsouth.com,AB226
Florencia,Stadel,178 Riverdale Rd,Ingersoll,ON,N5C 2W2,519-961-7871,fstadel@gmail.com,http://www.cornwellmichaelcesq.com,AB144
Yesenia,Giglio,1262 W 19th St,Janeville,NB,E2A 5K7,506-858-9797,yesenia@cox.net,http://www.basqueplasticscorp.com,AB311
Kimi,Selfe,2 W Kellogg Dr #5,Jonquiere,QC,G8A 1H7,418-795-3880,kimi@cox.net,http://www.mmassocinc.com,AB242
Phil,Kuechler,7 Mcwhorter Rd,Jonquiere,QC,G7X 2X4,418-940-4070,phil_kuechler@gmail.com,http://www.sequinsinternationalinc.com,BC114
Ria,Steinhorst,269 Commercial Dr,Jonquiere,QC,G7S 2S3,418-319-1374,ria.steinhorst@steinhorst.com,http://www.dhautoequipinc.com,AB180
Veta,Vandeberg,940 E Jefferson Ave,Juniper,NB,E7L 1G1,506-996-1241,vvandeberg@gmail.com,http://www.rickarddeborahs.com,AB153
Karrie,Kinikini,491 Main St #893,Kamloops,BC,V2B 7X9,250-384-7658,karrie_kinikini@kinikini.org,http://www.lohmeyercorrigantaylorpc.com,BC066
Lelia,Thiemann,440 Town Center Dr,Kamloops,BC,V2B 7W6,250-671-3851,lelia.thiemann@yahoo.com,http://www.kleemandenaaesq.com,AB243
Thersa,Davirro,863 E Mcdowell Rd,Kamloops,BC,V2C 6S8,250-540-5275,thersa.davirro@aol.com,http://www.hersteinelliotj.com,BC064
Rosalind,Persechino,86 Shady Run Rd,Kanata,ON,K2M 1E6,613-975-5760,rosalind.persechino@aol.com,http://www.grandprairiechambercommrce.com,AB152
Stephanie,Garlett,6 L St #1761,Kanata,ON,K2T 1G5,613-557-7338,stephanie.garlett@gmail.com,http://www.brownshoeco.com,AB142
Alita,Borlace,5 S Gage St #6175,Kenora,ON,P9N 1K7,807-289-5397,alita_borlace@yahoo.com,http://www.medicineshoppe.com,BC198
Doretha,Wykle,5106 N Laurel Park Dr,Kenora,ON,P9N 4E7,807-383-4855,doretha@yahoo.com,http://www.lafaveejosephiii.com,BC246
Hollis,Keomuangtai,27 7th St,Keswick,ON,L4P 1V3,905-928-5294,hollis.keomuangtai@cox.net,http://www.amsterdamnews.com,AB173
Vanda,Tentler,7 Shetland Ct,Kimberley,BC,V1A 2M7,250-605-3501,vanda_tentler@tentler.org,http://www.oklahomafordpowerproducts.com,AB327
Rosalyn,Mcspedon,449 Oakwood Ave,Kingston,ON,K7K 3L3,613-362-7798,rosalyn.mcspedon@mcspedon.org,http://www.eltonironcoinc.com,AB273
Shanice,Pennel,31 N Canal St,Kingston,ON,K7L 2Y7,613-850-3405,shanice.pennel@pennel.org,http://www.firmsecuritysystemsinc.com,BC160
Xenia,Mushero,1 El Camino Ave #39,Kingston,ON,K7K 1P6,613-714-1829,xenia@aol.com,http://www.instituteforlawjstcinc.com,AB137
Antonette,Stimac,61 N Westshore Blvd,Kitchener,ON,N2A 1S3,519-670-5269,antonette_stimac@stimac.org,http://www.kasprenskimichaeldesq.com,AB221
Jame,Mastro,4465 James St,Kitchener,ON,N2N 1Y6,519-920-7003,jmastro@aol.com,http://www.janneymontgomeryscottinc.com,BC025
Natalya,Verso,74 Chestnut St,Kitchener,ON,N2A 1S3,519-736-9305,natalya_verso@yahoo.com,http://www.rosecooperenglish.com,BC095
Lavelle,Lillywhite,5 S Taylor Ave,La Malbaie,QC,G5A 2R8,418-442-4179,lavelle.lillywhite@hotmail.com,http://www.schivleyggregory.com,BC239
Glenn,Robinault,8700 S Jefferson Rd #676,Lachine,QC,H8S 3A8,514-330-5479,glenn.robinault@cox.net,http://www.leikinjames.com,BC102
Marla,Gallati,922 Railroad Ave #7063,Lachine,QC,H8R 1R7,514-872-9323,mgallati@gmail.com,http://www.pekinggarden.com,AB291
Arlette,Torchio,485 Rolling Rd,Lasalle,QC,H8R 3C2,514-459-6883,arlette_torchio@hotmail.com,http://www.aallinoneconstruction.com,AB148
Gregg,Epperheimer,59 W Jackson Blvd #11,Lasalle,QC,H8R 3T2,514-302-4158,gepperheimer@aol.com,http://www.bestwesternsterlinghouse.com,AB141
Trinidad,Bredernitz,75 N Washington Ave,Lasalle,QC,H8N 1S9,514-561-2312,trinidad@yahoo.com,http://www.tmrthemusicroom.com,BC157
Monte,Tindal,577 Page Ave,Laval,QC,H7M 5P7,450-637-6499,monte@cox.net,http://www.amercninstforconservehist.com,BC146
Tish,Violett,1 Norris Ave #4095,Laval,QC,H7W 5K7,450-840-7605,tish.violett@violett.com,http://www.electroarcmanufacturingco.com,AB114
Phuong,Sugai,8926 E 119th St #9,Lavaltrie,QC,J5T 2C7,450-501-4406,psugai@gmail.com,http://www.scholteswilliameesq.com,BC038
Willard,Lablanc,1534 Sidco Dr,Leduc,AB,T9E 5A6,780-384-5410,wlablanc@yahoo.com,http://www.mershonmetalspecialtiesinc.com,AB111
Ranee,Maye,5361 N 500 W #3065,Les Cedres,QC,J7T 3A9,450-700-5970,ranee_maye@maye.com,http://www.constructionservicesinc.com,BC243
Nakisha,Russi,8265 W Camelback Rd,Lethbridge,AB,T1H 6T3,403-513-9660,nakisha_russi@russi.com,http://www.buildersgeneralsupplyco.com,BC195
Phyliss,Huelse,672 Neil Armstrong St #59,Lethbridge,AB,T1K 2L9,403-540-2604,phyliss_huelse@aol.com,http://www.bestwesterndoublewoodinn.com,AB315
Tom,Loeza,447 Commercial St Se,LIle-Perrot,QC,J7V 4T4,514-487-6096,tom.loeza@gmail.com,http://www.sheratonshreveporthotel.com,AB103
Eura,Mcglocklin,9 N Monroe St,Lloydminster,SK,S9V 0C6,306-979-2571,eura@mcglocklin.org,http://www.graphiccolorlithoinc.com,BC031
Shad,Reider,7995 Douglas Rd E #6,Lloydminster,AB,T9V 2M7,780-953-3852,shad_reider@aol.com,http://www.cityjudge.com,AB336
Stephanie,Rolling,45 S Cedar Ridge Dr,Lloydminster,SK,S9V 1T4,306-510-5011,srolling@rolling.org,http://www.gabernymanco.com,AB296
Bette,Digiovanni,345 Broadway St,London,ON,N6K 4J9,519-882-6434,bette.digiovanni@digiovanni.org,http://www.nassarmoniqueaesq.com,BC240
Effie,Frymark,51 3rd Ave,London,ON,N5W 5G1,519-433-4142,effie_frymark@gmail.com,http://www.razzoogmichaeledds.com,AB345
Felix,Tutterrow,92 W 39th St #9990,London,ON,N6G 3E5,519-426-7161,ftutterrow@tutterrow.org,http://www.corinthdrycleaners.com,AB131
Hershel,Bultron,658 W 30th St,London,ON,N5Z 1R6,519-844-4835,hershel_bultron@bultron.org,http://www.kingstrophiesengravingco.com,BC112
Laurena,Begin,7564 N Academy Ave,London,ON,N6A 1S5,519-790-8660,laurena.begin@begin.com,http://www.barryanthonysesq.com,AB112
Nan,Weekly,16 Ridge Center,London,ON,N5Y 5M9,519-928-8049,nan@weekly.com,http://www.katesboylstonpublicatnsinc.com,BC213
Erin,Delbosque,357 W Mount Royal Ave,Longueuil,QC,J4M 2A8,450-316-7813,erin@cox.net,http://www.curtisswrightcorp.com,BC248
Melynda,Anstead,3 Lee Dr #8435,Longueuil,QC,J4J 3E9,450-470-3593,melynda@hotmail.com,http://www.leader.com,BC119
Irene,Benauides,45 19th St,Lyttleton,NB,E9E 1Y1,506-251-3150,irene.benauides@gmail.com,http://www.bilicickimberlyaesq.com,BC181
Avery,Demus,1 Highland Ave,Maple Ridge,BC,V4R 1Z3,604-548-4412,avery.demus@aol.com,http://www.carriagehousecllsnrprinc.com,AB160
Paulene,Rhule,21 E 64th Ave,Matane,QC,G4W 3G6,418-348-2107,paulene_rhule@rhule.org,http://www.beckcorporation.com,AB122
Tawanna,Kuamoo,380 Main St,Matane,QC,G4W 3G6,418-734-9693,tawanna_kuamoo@gmail.com,http://www.walkerlmarkesq.com,AB270
Willetta,Cesa,578 E Us Highway 36 #3,Membertou,NS,B1S 2P3,902-981-7382,willetta_cesa@gmail.com,http://www.alphaservicesco.com,BC224
Rana,Lehn,32 Rocklyn Ave,Milton,ON,L9T 5W8,905-286-8285,rlehn@yahoo.com,http://www.freemanstevenresq.com,BC049
Rosann,Heinricher,91 Nw 52nd Ave,Mirabel,QC,J7N 2E1,450-474-6397,rosann_heinricher@heinricher.com,http://www.ramapomemorialco.com,AB277
Vonda,Normandeau,9891 Main St,Mirabel,QC,J7J 1G7,450-706-3809,vonda@yahoo.com,http://www.crisellcoheeco.com,AB169
Lera,Hua,6638 S Webster St #491,Miramichi,NB,E1V 2N4,506-556-4300,lhua@aol.com,http://www.yorkserviceslandscpgdivsn.com,AB125
Callie,Neikirk,6601 Park Ave #9924,Mississauga,ON,L4T 0A1,905-465-6909,callie.neikirk@neikirk.org,http://www.shieldssheridncpa.com,AB136
Dorcas,Diebold,8899 E Slauson Ave,Mississauga,ON,L5M 4A7,905-860-8703,dorcas_diebold@diebold.com,http://www.traditionmusicco.com,AB284
Dorothy,Aitken,4 Hanover Pike,Mississauga,ON,L5V 1E5,905-554-3838,dorothy.aitken@cox.net,http://www.mcmillonwendyaesq.com,AB244
Jillian,Hailstone,8721 Everett Rd,Mississauga,ON,L4Z 2V7,905-864-2257,jhailstone@yahoo.com,http://www.globalsecuritiesinfoinc.com,AB126
Jules,Erichsen,1 Parkfair Dr #1219,Mississauga,ON,L5C 1L3,905-929-8054,jules@cox.net,http://www.eberhardmfgcodivestrnco.com,BC223
Lon,Tibbles,78 Eastway Dr,Mississauga,ON,L5E 1B7,905-233-1845,lon.tibbles@cox.net,http://www.maywlcoinc.com,BC123
Romana,Riesgraf,986 Whitaker Way,Moncton,NB,E1A 6P3,506-310-3728,romana_riesgraf@hotmail.com,http://www.spartaengrglandcoinc.com,BC167
Myra,Palenik,5661 Harding St,Montmagny,QC,G5V 1N6,418-930-7475,myra_palenik@palenik.com,http://www.evansgeraldhesq.com,BC191
Clemencia,Momplaisir,698 N Allen Rd,Montreal,QC,H3J 2N8,514-804-3533,cmomplaisir@yahoo.com,http://www.computersystemdynamics.com,BC242
Denny,Zeanah,339 W 1st St,Montreal,QC,H2Z 1P5,514-224-2722,denny_zeanah@zeanah.com,http://www.associatedbrokersinc.com,AB276
Harris,Sheck,9875 Sheafe Rd,Montreal,QC,H2H 1Z2,514-257-9319,harris@cox.net,http://www.newlanscorporation.com,BC117
Luann,Michon,5 Goddard Rd,Montreal,QC,H2S 2G9,514-578-7262,luann@cox.net,http://www.macnaughtoneinsongraphics.com,BC206
Maddie,Foulds,56 N Wood Ave #25,Montreal,QC,H2M 1W9,514-874-9519,maddie@hotmail.com,http://www.sinclairmachineproductsinc.com,AB219
Mammie,Cisney,14 E 30th St,Montreal,QC,H1E 1R4,514-205-4258,mammie@cox.net,http://www.arellanoceciliasmd.com,BC034
Ricki,Traux,995 Concord Rd,Montreal,QC,H3J 1S4,514-657-1920,ricki.traux@traux.com,http://www.collinsfrederickhesq.com,AB335
Rikki,Montalgo,7 Lagrange St #10,Montreal,QC,H2K 3M3,514-472-6857,rikki@montalgo.com,http://www.emergencymanagement.com,AB313
Steffanie,Meinen,801 W Belmont Ave,Montreal,QC,H3C 5G9,514-964-9106,steffanie.meinen@cox.net,http://www.rosenblumdonndesq.com,BC120
Tesha,Brang,831 Vanowen St #5,Montreal,QC,H4K 2N2,514-432-5290,tesha@aol.com,http://www.butlertooldesigninc.com,BC055
Val,Bigaud,42 N 16th St #620,Montreal,QC,H2C 3A1,514-726-2573,val_bigaud@aol.com,http://www.mpsisystemsinc.com,BC158
Verona,Jobst,9041 Grand Plaza Plac,Montreal,QC,H3V 1E3,514-842-7487,verona_jobst@jobst.org,http://www.mcgreensons.com,AB312
Marquetta,Quinlisk,2965 Lake Lizzie Dr,Mont-Royal,QC,H3R 1G3,514-950-3156,marquetta_quinlisk@aol.com,http://www.herregandistributorsinc.com,BC135
Mozelle,Hermon,523 Spencerville Ct,Mount Pisgah,NB,E4G 1E8,506-573-3112,mozelle_hermon@cox.net,http://www.comfortinnoflincoln.com,AB167
Kassandra,Marushia,123 Euclid Ave #9396,Nanaimo,BC,V9R 1C9,250-646-6446,kassandra@gmail.com,http://www.phelpstooldiecoinc.com,AB349
Leoma,Rabago,575 Washington St,Nanaimo,BC,V9R 6W5,250-810-7815,leoma.rabago@hotmail.com,http://www.curtismartinldds.com,AB182
Lucille,Hubbell,8 General Dr,Nanaimo,BC,V9R 4Z4,250-904-7361,lhubbell@yahoo.com,http://www.ezteldirctrybrkrsbanks.com,AB274
Tammy,Sams,5 Secaucus Rd,Nanaimo,BC,V9R 5W6,250-226-1002,tammy_sams@sams.com,http://www.photosinc.com,BC027
Ellsworth,Rieg,7662 Us Highway 46 #9003,Napanee,ON,K7R 1K5,613-862-4724,erieg@hotmail.com,http://www.peyotebirddesigns.com,AB146
Jacinta,Deppen,1458 W Henry St,Nelson,BC,V1L 1A7,250-203-5054,jdeppen@cox.net,http://www.orourkedenismesq.com,BC169
Kindra,Dishong,4 Sutton Ln,Nepean,ON,K2E 6A5,613-510-3295,kdishong@gmail.com,http://www.mcclanathanpeterdesq.com,BC226
Ricarda,Kratt,1 Clairemont Mesa Blvd,New Glasgow,NS,B2H 3Y5,902-614-2197,rkratt@yahoo.com,http://www.hershpetersmd.com,AB190
Hortencia,Bresser,808 Calle De Industrias,New Waterford,NS,B1H 1Z4,902-256-6791,hbresser@aol.com,http://www.bataviachamberofcommerce.com,AB106
Brinda,Mrkvicka,1 Park Ave,Newbridge,NB,E7N 1J4,506-392-8334,brinda.mrkvicka@gmail.com,http://www.gittlemanmuhlstock.com,BC046
Vanna,Pickle,3 B Main #117,Newmarket,ON,L3Y 3M4,905-309-4565,vanna_pickle@aol.com,http://www.phippsbird.com,AB198
Rutha,Eisert,87 W 32nd St,Niagara Falls,ON,L2G 3H6,905-468-2503,rutha@eisert.com,http://www.qualitylithoprinting.com,BC109
Candra,Peets,9 Pulaski Park Dr #7,North Bay,ON,P1B 2V6,705-799-1235,candra@hotmail.com,http://www.gatorsupplyequipmentinc.com,BC094
Jarod,Catalina,60 Sunrise Ave,North Bay,ON,P1B 2L4,705-369-2146,jcatalina@aol.com,http://www.industrialprecisioncorp.com,BC081
Lyla,Fucillo,7979 33  191,North River,NS,B6L 6N1,902-844-1174,lyla_fucillo@cox.net,http://www.hambroforestproductsinc.com,BC015
Argelia,Hofbauer,5 Columbia,North Vancouver,BC,V7J 2J9,604-823-2881,argelia.hofbauer@cox.net,http://www.medicalproductions.com,AB134
Giovanna,Bacho,71 S Newtown St,North Vancouver,BC,V7M 3J6,604-203-8085,giovanna@cox.net,http://www.rumfordaquariuminc.com,BC203
Lauryn,Randol,4207 Leon Rd,North Vancouver,BC,V7L 3X6,604-236-4625,lauryn@yahoo.com,http://www.judyhenrylesq.com,BC011
Nickie,Balonek,7 Saint Nicholas Ave,North Vancouver,BC,V7J 3P8,604-556-1080,nickie.balonek@balonek.com,http://www.mcinerneycommunications.com,BC108
Shakira,Westervelt,5470 N Lamar Blvd #542,North Vancouver,BC,V7J 2J9,604-991-8721,swestervelt@westervelt.org,http://www.buenaclerk.com,BC241
Vallie,Nigl,7823 N 36th Ave,North Vancouver,BC,V7H 2J2,604-848-3170,vallie@yahoo.com,http://www.canlinesinc.com,BC107
Aileen,Klukken,8 Wilfong Ln,North York,ON,M2N 2T3,416-390-4510,aklukken@klukken.com,http://www.stampergeraldesq.com,AB318
Blossom,Kraatz,881 Route 38,North York,ON,M4A 2A6,416-631-1863,blossom_kraatz@kraatz.org,http://www.vicfirthinc.com,BC100
Elina,Maury,2097 N Stonestreet Ave,North York,ON,M6M 3B1,416-582-4379,elina.maury@hotmail.com,http://www.hobsonprintingco.com,BC152
Leanna,Tijerina,2859 Dorsett Rd,North York,ON,M9L 2T9,416-719-2114,leanna@cox.net,http://www.stephensonlandsurveying.com,BC006
Renay,Oviedo,873 E Cumberland St,North York,ON,M6B 3Y3,416-336-6767,renay.oviedo@oviedo.com,http://www.wanekjerroldesq.com,AB259
Shaniqua,Corna,8 Sylvan Ave,North York,ON,M3H 5X6,416-573-9093,shaniqua@yahoo.com,http://www.durleycollyjesq.com,AB187
Shannan,Cupit,6 S San Marcos Rd,North York,ON,M2N 2B8,416-266-5891,shannan@cox.net,http://www.goldenwestmachineinc.com,AB283
Stanton,Rigazio,4 Smith St #5,North York,ON,M3M 2A4,416-801-7398,srigazio@rigazio.org,http://www.maxonsrestorationsinc.com,AB196
Wilson,Nickelson,74 Se 3rd Ave #1494,North York,ON,M2J 3W5,416-376-7867,wilson_nickelson@aol.com,http://www.brobeckphlegerharrison.com,BC229
Ashton,Nitchals,13 Midway Pl,Oakville,ON,L6H 5G1,905-725-6769,ashton@cox.net,http://www.tironeanthonyresq.com,BC103
Azzie,Tuazon,5518 Whippany Rd,Oakville,ON,L6L 6V2,905-208-4039,azzie.tuazon@hotmail.com,http://www.rubymfgsales.com,BC174
Colton,Pesqueira,305 Industrial Blvd,Oakville,ON,L6H 6M8,905-796-8265,cpesqueira@hotmail.com,http://www.willowfoodsinc.com,AB282
Hannah,Suero,3314 Hawthorne St,Oakville,ON,L6L 3G9,905-543-3967,hsuero@yahoo.com,http://www.confishinc.com,BC208
Jimmie,Snelling,24 Sw Bridgeport Rd,Oakville,ON,L6J 7H9,905-772-1416,jimmie.snelling@gmail.com,http://www.trilakeschamberofcommerce.com,AB183
Precious,Dubray,846 Middletown Blvd #427,Orillia,ON,L3V 4N5,705-607-6992,precious.dubray@dubray.com,http://www.martinresearchinc.com,BC128
Leonor,Beilinson,269 Distribution Way,Orleans,ON,K1C 1Z6,613-338-5158,leonor.beilinson@hotmail.com,http://www.lochavenfedsvngslnassn.com,AB218
Loreen,Griepentrog,6 Monard Dr,Orleans,ON,K1C 2E5,613-684-4467,loreen_griepentrog@aol.com,http://www.ajcohendistributorinc.com,AB201
Ocie,Chreene,72 W Hampden Ave,Orleans,ON,K1E 2C8,613-756-9548,ocie.chreene@aol.com,http://www.ellnerharoldjmd.com,AB228
Shawnna,Arredondo,4 N Brand Blvd,Orleans,ON,K4A 0V9,613-996-1062,sarredondo@arredondo.com,http://www.efinternationallangschls.com,BC168
Yolande,Staiano,21 N 14th St,Orleans,ON,K1C 3C7,613-700-7712,yolande_staiano@gmail.com,http://www.williamsjamalltd.com,BC074
Chandra,Firlik,686 S Dupont Hwy,Oshawa,ON,L1J 8H1,905-451-3719,chandra@gmail.com,http://www.prestontruckingcoinc.com,AB227
Afton,Wrinkle,652 5th Ave,Ottawa,ON,K1N 6S5,613-851-7883,awrinkle@wrinkle.org,http://www.supermotel.com,AB161
Aimee,Clozza,7 N Wacker Dr #42,Ottawa,ON,K1K 0K4,613-804-8102,aimee_clozza@clozza.org,http://www.cdmtransportation.com,BC216
Celestine,Pritt,79 E 92nd St,Ottawa,ON,K1G 3B6,613-875-3120,celestine_pritt@cox.net,http://www.jamesheistandinc.com,AB249
Felton,Yafuso,202 Madison Ave,Ottawa,ON,K1Y 1M2,613-749-1169,felton.yafuso@gmail.com,http://www.penkavarobertmd.com,AB116
Providencia,Marien,83 Magnavox Way,Ottawa,ON,K2C 2V1,613-256-5226,providencia.marien@marien.com,http://www.pondwilliamsmd.com,BC166
Rodney,Lockamy,7 N Us Highway 67 #96,Ottawa,ON,K1S 2E4,613-273-5773,rodney_lockamy@aol.com,http://www.schultzbarryjesq.com,BC099
Shenika,Tapian,4 Collier Rd Nw,Ottawa,ON,K1S 1N5,613-219-1869,shenika.tapian@aol.com,http://www.helcosalesco.com,BC052
Freeman,Rudig,4 W Sedgley Ave,Otterburn Park,QC,J3H 4V8,450-347-6388,freeman@yahoo.com,http://www.ramseysecretarialservice.com,AB145
Valentin,Billa,6185 Bohn St #72,Pangman,SK,S0C 2C0,306-291-5073,vbilla@yahoo.com,http://www.generalcolorcoinc.com,AB110
Judy,Boerboom,384 N Main St,Paradise,NL,A1L 0H4,709-560-7848,jboerboom@boerboom.com,http://www.crisseyfowlerlumberco.com,BC148
Kristal,Bothe,896 Pershing Ave,Paradise,NL,A1L 2Y8,709-976-5766,kristal@hotmail.com,http://www.lakennedyinc.com,BC043
Amie,Okuniewski,24 Venice Rd,Pembroke,ON,K8A 8M7,613-686-9039,amie@yahoo.com,http://www.motionindustriesinc.com,BC247
Johnathon,Wadden,4714 S Main St,Peterborough,ON,K9J 3N7,705-646-2781,johnathon_wadden@hotmail.com,http://www.deosuinc.com,AB234
Matthew,Armacost,220 Old Us Highway 441,Peterborough,ON,K9H 6C3,705-417-7221,matthew_armacost@gmail.com,http://www.livingstonschneiderpc.com,AB120
Nathalie,Corners,14 Van Buren St,Peterborough,ON,K9H 4B6,705-736-4801,nathalie_corners@corners.org,http://www.boldtcarlislesmithcpa.com,AB199
Nieves,Planty,684 Albion Rd,Peterborough,ON,K9H 3K7,705-616-5386,nplanty@gmail.com,http://www.swansondennisvesq.com,AB202
Truman,Mondale,1657 N Green St,Peterborough,ON,K9J 0A1,705-757-7389,truman.mondale@aol.com,http://www.metzrogereesq.com,BC069
Shaun,Scovil,253 Hamilton Ave #1684,Pickering,ON,L1W 2P9,905-907-6615,shaun_scovil@aol.com,http://www.stoweawaylodge.com,AB204
Bong,Fears,7 State St #1,Pierrefonds,QC,H9H 3C8,514-308-1992,bfears@fears.org,http://www.cabotsafetycorpaorxcenter.com,AB174
Corrie,Kardell,75 Westchester Ave,Pierrefonds,QC,H9J 1W6,514-203-7817,corrie_kardell@aol.com,http://www.lynchstevenjesq.com,AB113
Jose,Kylish,93 Law Dr,Pierrefonds,QC,H9J 1W6,514-211-3774,jose.kylish@aol.com,http://www.nicksprinting.com,BC075
Silva,Riviere,10 Canal St,Pierrefonds,QC,H8Y 2A9,514-319-4125,silva.riviere@riviere.org,http://www.nimcocorp.com,AB188
William,Boccard,9 Clove Rd,Pointe-aux-Trembles,QC,H1B 4R4,514-606-4631,william@gmail.com,http://www.dubosardavidsonpa.com,BC087
Murray,Fode,59 W Century Rd,Pointe-Claire,QC,H9R 5N9,514-921-5562,mfode@yahoo.com,http://www.hughesricharddesq.com,BC149
Antonio,Unruh,9 Route 38,Port Coquitlam,BC,V3C 2Z4,604-624-7690,antonio.unruh@hotmail.com,http://www.missionlincolnproperties.com,BC250
Von,Aprigliano,63 Baronne St,Port Moody,BC,V3H 1E8,604-986-3233,von@aol.com,http://www.hellertomaesq.com,AB195
Latanya,Mattia,8229 S Washington Ave,Portage la Prairie,MB,R1N 3T4,204-649-9481,lmattia@yahoo.com,http://www.swissotelboston.com,BC126
Frank,Tryninewski,462 2nd St,Prince Albert,SK,S6V 6E5,306-653-1772,ftryninewski@gmail.com,http://www.interlinkmarketinginc.com,BC079
Louvenia,Abney,6 Friendship Dr #5055,Prince Albert,SK,S6V 6A4,306-256-9309,louvenia_abney@hotmail.com,http://www.lmmccownsonco.com,AB298
Doyle,Hathcox,48 Market St,Prince George,BC,V2M 1K4,250-227-4140,doyle.hathcox@aol.com,http://www.womenformeaningfulsummits.com,AB269
Aleisha,Areizaga,960 Deming Way,Quebec,QC,G1C 5G2,418-408-1640,aareizaga@hotmail.com,http://www.hiportdistribtginc.com,AB179
Basilia,Vinroe,45 S Wells Ave,Quebec,QC,G1H 1A6,418-386-6120,basilia.vinroe@gmail.com,http://www.arizassociationoflifeund.com,BC078
Boris,Latif,9390 Fortin Dr,Quebec,QC,G1M 2H8,418-459-4884,boris.latif@latif.com,http://www.emlouboutique.com,AB129
Leontine,Lafoy,191 Richland St #5,Quebec,QC,G1J 4B2,418-271-8667,llafoy@aol.com,http://www.caffreyjohnfesq.com,AB139
Leslee,Matsuno,1251 E Main St #990,Quebec,QC,G1H 1A6,418-460-5773,leslee_matsuno@matsuno.org,http://www.factorymattressoutlet.com,BC249
Michal,Gunyan,9514 Mount Vernon Ave,Quebec,QC,G2B 4L7,418-399-6819,michal_gunyan@gunyan.com,http://www.physicianmanager.com,AB225
Robt,Hankison,3780 Ronson Rd,Quebec,QC,G1L 4H3,418-874-8104,robt_hankison@cox.net,http://www.josephnotariannico.com,AB177
Slyvia,Stockham,4895 Country Club Rd,Quebec,QC,G1K 5J8,418-913-7998,slyvia.stockham@aol.com,http://www.finchersfindings.com,AB338
Belen,Nelton,77 Central Pky N,Quesnel,BC,V2J 1N4,250-768-5812,bnelton@gmail.com,http://www.apeterhowellpc.com,BC020
Danilo,Pride,6857 Wall St,Red Deer,AB,T4R 2H5,403-212-4945,danilo_pride@hotmail.com,http://www.harryladamsincorporated.com,AB107
Nguyet,Kitchens,68 Nw Raleigh St #88,Red Deer,AB,T4N 2H5,403-883-4097,nguyet_kitchens@yahoo.com,http://www.instituteforhumandev.com,BC201
Chun,Richrdson,3 Aiea Heights #660,Regina,SK,S4T 3L1,306-245-2534,chun_richrdson@richrdson.org,http://www.hoytrobertfesq.com,BC142
Edelmira,Calzado,4936 Walcott Rd,Regina,SK,S4R 3M1,306-611-7185,edelmira@hotmail.com,http://www.chagrinwinebeverageco.com,AB124
Francesco,Sarchet,22 Dearborn St,Regina,SK,S4T 4B1,306-524-4509,francesco@hotmail.com,http://www.gabrielassociates.com,BC021
Joye,Nedman,9 Court St,Regina,SK,S4N 3J4,306-991-3698,joye@cox.net,http://www.valleycreditunion.com,AB158
Lorean,Sammon,58 Executive Dr,Regina,SK,S4S 3Y3,306-854-5060,lorean@yahoo.com,http://www.arizonastoreequipment.com,AB331
Matt,Nickolich,103 E Main St #59,Regina,SK,S4S 5Y2,306-891-2346,matt@gmail.com,http://www.boninajohnaesq.com,AB342
Miss,Dunning,38 Douglas Rd E #39,Regina,SK,S4R 1J5,306-508-8874,mdunning@gmail.com,http://www.mcgladreypullen.com,AB123
Rosendo,Lanter,2052 E Semoran Blvd,Regina,SK,S4N 5R4,306-700-6743,rosendo@hotmail.com,http://www.howehuttonltd.com,AB216
Ryan,Phibbs,7827 Commercial St Se #37,Regina,SK,S4V 3B8,306-621-2626,rphibbs@gmail.com,http://www.citruspowerequipment.com,BC221
Asuncion,Berson,54 Whitaker Way,Reinfeld,MB,R6W 1K7,204-318-1929,aberson@aol.com,http://www.linkandrewp.com,BC111
Ivette,Dills,7585 Calle De Industrias,Reserve Mines,NS,B1E 1G6,902-244-5318,idills@cox.net,http://www.southtexasprodspltyinc.com,BC122
Amber,Windell,41 Augusta Hwy,Richmond,BC,V6X 3S2,604-864-2113,amber.windell@cox.net,http://www.rosecomanagementcnslnts.com,AB285
Tawny,Bonventre,5 Middletown Blvd,Richmond,BC,V6Y 1L9,604-632-4346,tbonventre@aol.com,http://www.bellmirrorglassinc.com,BC172
Vicki,Maikoksoong,7 Tomahawk Dr,Richmond,BC,V7A 3N1,604-231-6180,vicki@gmail.com,http://www.georgebighamassociates.com,AB118
Tequila,Pelletier,6173 Landmeier Rd,Richmond Hill,ON,L4C 9T5,905-692-6934,tequila_pelletier@cox.net,http://www.feldmancoinc.com,AB272
Tuyet,Abramovitz,976 Cozycroft Ave,Richmond Hill,ON,L4E 4P3,905-790-7938,tuyet.abramovitz@abramovitz.com,http://www.gibbardhfrankiii.com,AB176
Percy,Neelon,901 Highway 74,Rimouski,QC,G5L 1N6,418-537-1430,percy_neelon@cox.net,http://www.spikercommunicationsinc.com,AB240
Ilona,Dudash,2 Sutton Pl S #5727,Rouyn-Noranda,QC,J9X 3V4,819-536-7034,idudash@dudash.com,http://www.adamsbalcomlarosepc.com,BC010
Arlen,Romack,1 W Green Bay St,Saint John,NB,E2K 3R6,506-218-3036,arlen.romack@yahoo.com,http://www.whitehurstwilliamojr.com,BC086
Julianna,Racer,4407 Chestnut Ridge Dr,Saint John,NB,E2K 5L7,506-752-6097,jracer@cox.net,http://www.cyclemotioninc.com,AB203
Malissa,Talty,3 Bush St,Saint John,NB,E2M 2N5,506-724-2777,malissa@talty.org,http://www.staffordwilliampii.com,AB330
Sharmaine,Batdorf,1822 Guilford Rd,Saint-Basile,NB,E7C 2L8,506-839-1630,sharmaine_batdorf@batdorf.com,http://www.stritzelawningsvc.com,BC234
Emile,Dorio,264 Jefferson Hwy #83,Saint-Bruno,QC,J3V 4R8,450-529-3773,edorio@cox.net,http://www.olsonwaldinehesq.com,AB253
Karina,Cortesi,901 Broughton Ave #7,Saint-Bruno,QC,J3V 5S1,450-252-9611,karina_cortesi@hotmail.com,http://www.videomonitoringservices.com,AB237
Jaime,Wasurick,6760 E Fayette St #9,Saint-Damien,QC,J0K 2N1,450-531-8633,jaime_wasurick@hotmail.com,http://www.lewisgeorgelesq.com,BC024
Davida,Zeng,8881 Hopkins St,Sainte-Sophie,QC,J5J 2B5,450-375-8192,davida_zeng@yahoo.com,http://www.conwayjohnjesq.com,BC218
Georgiana,Colbath,505 E 9mile Rd,Sainte-Therese,QC,J7E 3C9,450-409-1254,gcolbath@hotmail.com,http://www.stewartfilmscreencorp.com,AB149
Edmond,Buettner,67 N Washington Ave #960,Saint-Eustache,QC,J7P 1A5,450-829-7834,edmond_buettner@buettner.org,http://www.edenbailbondinformationctr.com,AB322
Eric,Gazzola,732 Congress St,Saint-Georges,QC,G5Z 0N4,418-274-7373,eric@cox.net,http://www.moriahfundinc.com,AB164
Sommer,Frere,1309 Pitney Rd,Saint-Hubert,QC,J3Y 4R3,450-777-9643,sfrere@yahoo.com,http://www.blissnyitrayinc.com,BC165
Barney,Hagen,6335 Fort Myer Dr,Saint-Hyacinthe,QC,J2S 2N3,450-526-5424,barney@yahoo.com,http://www.foxvisioncenter.com,BC019
Denna,Miklitz,1736 Us Highway 19n N #6,Saint-Jean-sur-Richelieu,QC,J3B 0C5,450-409-1005,dmiklitz@yahoo.com,http://www.cptalmeatsprovisionsco.com,AB324
Mila,Hair,515 S Main St,Saint-Leonard,QC,H1P 1M8,514-945-2978,mhair@cox.net,http://www.bobbyreedattorneyatlaw.com,BC067
Brunilda,Coin,300 Congers Rd #77,Saint-Paul,NB,E4T 3B9,506-327-7460,brunilda_coin@aol.com,http://www.youngcontractorsinc.com,AB162
Chi,Morgan,2953 5th Ave #27,Saint-Raymond,QC,G3L 3K2,418-922-5578,chi@gmail.com,http://www.holmesarmsteadjesq.com,AB150
Willis,Wylie,646 9th St,Saint-Raymond,QC,G3L 3X9,418-833-1949,willis@yahoo.com,http://www.acquiredknowledgeinc.com,AB128
Asha,Zoldak,4 Gray Ave,Saint-Stanislas,QC,G8L 7B6,418-470-9730,asha_zoldak@hotmail.com,http://www.ducsonsportswearinc.com,AB310
Lajuana,Mccloud,7 W Pine St,Saint-Thomas,QC,J0K 3L0,450-272-6370,lajuana_mccloud@hotmail.com,http://www.cesenaprintgesideprintgco.com,AB341
Tambra,Lembke,6734 W Jackson Blvd,Salmon Arm,BC,V1E 4G9,250-353-7479,tlembke@lembke.org,http://www.moorealbertfesq.com,BC017
Noe,Kotz,3878 Little John Way,Salt Spring Island,BC,V8K 2T5,250-901-1245,nkotz@kotz.org,http://www.bryantjulianajr.com,AB271
Nobuko,Logwood,612 York St,Sarnia,ON,N7V 3X4,519-739-4745,nobuko.logwood@cox.net,http://www.adsinc.com,AB268
Broderick,Lorenz,185 Davis St,Saskatoon,SK,S7N 3M6,306-285-1574,broderick_lorenz@hotmail.com,http://www.frascellathomaspesq.com,AB193
Corazon,Ivaska,6 W Lincoln Ave,Saskatoon,SK,S7K 3K7,306-333-8933,corazon@ivaska.org,http://www.ansoniarecordsinc.com,AB206
Curt,Kohlman,5 Westbranch Dr #36,Saskatoon,SK,S7M 3S3,306-739-3437,ckohlman@hotmail.com,http://www.bowdenmonamesq.com,BC192
Darrin,Tumolillo,4 Pedretti Ave #2,Saskatoon,SK,S7H 1X9,306-748-5721,darrin@tumolillo.com,http://www.metropress.com,BC044
Loise,Dedaj,1062 Rd,Saskatoon,SK,S7K 5J3,306-964-9291,loise@aol.com,http://www.magnottaconstructioncoinc.com,BC070
Emmett,Mcshaw,920 Union Blvd,Sault Ste. Marie,ON,P6B 5Y2,705-581-1220,emmett_mcshaw@cox.net,http://www.yaffamichaelesq.com,AB127
Genevieve,Milionis,5 Cedar St,Sault Ste. Marie,ON,P6B 5Y9,705-467-4142,genevieve.milionis@hotmail.com,http://www.jmjanitorialsupplies.com,AB303
Noemi,Ill,18 Nw 6th St,Sault Ste. Marie,ON,P6B 2W6,705-414-4712,noemi_ill@ill.com,http://www.lafayetteapprlproducersinc.com,AB299
Nohemi,Leko,37 Us Highway 12e E #6,Sault Ste. Marie,ON,P6C 2C8,705-838-9265,nohemi@aol.com,http://www.bohnekarlwjr.com,AB117
Shasta,Canonico,71 West Ave,Sault Ste. Marie,ON,P6C 2C8,705-531-2796,shasta_canonico@aol.com,http://www.robyoungldo.com,AB290
Alana,Blackmon,96 Hook Rd,Scarborough,ON,M1B 2S5,416-386-8947,ablackmon@gmail.com,http://www.investfinancialcorp.com,AB231
Fidelia,Vilven,9 Meridian St,Scarborough,ON,M1G 1V4,416-892-4321,fvilven@vilven.org,http://www.gtolithographersinc.com,BC124
Krystal,Twyman,9 Garcia Ave #38,Scarborough,ON,M1C 1N8,416-712-8230,ktwyman@gmail.com,http://www.shellwesternhills.com,BC220
Lucia,Flipp,196 Touhy Ave,Scarborough,ON,M1E 3L6,416-870-8070,lucia@aol.com,http://www.daysinn.com,BC105
Stacey,Lortz,5039 Coffee Rd,Scarborough,ON,M1K 1H4,416-310-1610,stacey_lortz@aol.com,http://www.electricalworkersunonibew.com,AB159
Thea,Petermeier,402 Santa Isabel Ave,Sept-Iles,QC,G4S 1Z5,418-360-6739,thea@hotmail.com,http://www.andersonheatherzane.com,BC051
Annice,Tartar,430 State Route 10 #7548,Sherbrooke,QC,J1N 0H6,819-342-1651,atartar@cox.net,http://www.computerservices.com,BC188
Cordell,Zinda,91 Argyle Rd,Sherbrooke,QC,J1H 6E3,819-508-6057,cordell_zinda@cox.net,http://www.kayejeffreyaesq.com,BC143
Demetra,Peth,79 E Jackson St,Sherbrooke,QC,J1K 1C5,819-858-7901,demetra_peth@aol.com,http://www.irvinestephaniebesq.com,AB281
Leontine,Stalma,859 Franquette Ave,Simcoe,ON,N3Y 5H1,519-641-7145,lstalma@stalma.org,http://www.comprehensiveenvironsvcinc.com,BC154
Otis,Luong,263 L St #1255,Simcoe,ON,N3Y 2P6,519-739-4515,oluong@gmail.com,http://www.kinkoscopies.com,BC137
Alberto,Stenquist,6126 E 14th St #6,St Catharines,ON,L2N 6C7,905-435-9456,alberto_stenquist@stenquist.org,http://www.dowellassociatesinc.com,BC042
Joanne,Teoh,1 W Sierra Madre Blvd #9985,St Catharines,ON,L2M 1R4,905-219-6895,joanne@yahoo.com,http://www.reverirwinsesq.com,AB184
Maxima,Brzozowski,864 Aupuni St,St Catharines,ON,L2T 2V2,905-569-6732,mbrzozowski@aol.com,http://www.bjsbodyshop.com,BC028
Kenneth,Degennaro,965 Bryant St,St Martins,NB,E5R 1G5,506-763-6456,kenneth.degennaro@aol.com,http://www.dodsonmacpa.com,BC236
Yaeko,Orndoff,66 Hoffman St,St Thomas,ON,N5P 2E5,519-625-4433,yaeko_orndoff@orndoff.org,http://www.holcombearmatureco.com,BC092
Ilda,Schuring,80 Ringwood Ave #7,St. Albert,AB,T8N 1L5,780-830-2958,ilda_schuring@schuring.com,http://www.secaucusguidebook.com,BC217
Carman,Gudiel,1 Frontage Rd,St. Johns,NL,A1B 5B3,709-366-8943,carman@gmail.com,http://www.weissmartinesq.com,BC033
Chuck,Berggren,764 Louisville Plac,St. Johns,NL,A1E 2L8,709-534-6576,chuck@gmail.com,http://www.weyerhaeuserpaperco.com,BC040
Micah,Gerten,103 Madison Ave,St. Johns,NL,A1E 2J5,709-581-5842,micah@cox.net,http://www.fairfieldinn.com,BC054
Elena,Hairr,31 Mechanic St #9839,Stephenville,NL,A2N 2N4,709-399-4807,ehairr@hotmail.com,http://www.reedcrystalmd.com,AB200
Louis,Zarling,6 E Kingsbridge Rd,Stoneham-Et-Tewkesbury,QC,G3C 2A8,418-568-3216,louis@zarling.com,http://www.dealersmfgco.com,BC026
Toshia,Lippoldt,7 Duluth St,Stoneham-Et-Tewkesbury,QC,G3C 0S2,418-759-7863,toshia_lippoldt@aol.com,http://www.ustor.com,BC147
Dawne,Mcloud,25 Keystone Xing,Stoney Creek,ON,L8E 2E4,905-760-9649,dmcloud@cox.net,http://www.bridgerscientificinc.com,AB166
Marcelle,Staie,76 N Harlem Ave,Stoney Creek,ON,L8E 4S4,905-817-1934,marcelle_staie@aol.com,http://www.butlerfrankbesq.com,AB317
Andree,Christmann,765 Rock Island Rd,Strathroy,ON,N7G 3K6,519-872-6826,andree.christmann@cox.net,http://www.eastoncooperativebank.com,AB115
Bulah,Berkoff,2497 Pennsylvania Ave,Strathroy,ON,N7G 3V5,519-309-5863,bulah.berkoff@cox.net,http://www.balanmarketingco.com,AB348
Carry,Ziller,8 Maynesboro St,Strathroy,ON,N7G 3H9,519-847-8783,carry@cox.net,http://www.hatborodeliveryservice.com,BC073
Bernadine,Shufelt,3 Main St,Sudbury,ON,P3C 2X6,705-693-2982,bernadine_shufelt@shufelt.org,http://www.mulliganthomasoesq.com,BC235
Dorothea,Lowther,2763 Fort Campbell Blvd #7554,Sudbury,ON,P3E 2W9,705-793-4986,dorothea_lowther@yahoo.com,http://www.herlinegeorgia.com,AB256
Anissa,Frayer,7635 Run Subdivision,Surrey,BC,V3X 2L5,604-925-4225,afrayer@frayer.com,http://www.vendalaska.com,BC176
Bev,Dermo,6059 Alewa Dr,Surrey,BC,V3X 1X5,604-880-6351,bev.dermo@dermo.com,http://www.nicksprinting.com,AB340
Billi,Kazar,71 Linden Ave,Surrey,BC,V3W 9G2,604-458-2387,bkazar@hotmail.com,http://www.bogartedwardjesq.com,BC187
Denny,Amazan,4974 Rockburn Hill Rd #3,Surrey,BC,V4A 8M9,604-239-4105,denny@amazan.com,http://www.ponyexpressnationalmemorial.com,AB185
Esteban,Plantenberg,78 E River,Surrey,BC,V4P 0C4,604-519-9547,esteban@cox.net,http://www.midwestwheelcompanies.com,AB346
Nada,Massanet,80 Sw End Blvd,Surrey,BC,V3R 4L7,604-570-1494,nmassanet@yahoo.com,http://www.shastrisrmd.com,AB222
Sherell,Despain,66 62nd St #30,Surrey,BC,V3R 6N7,604-344-4458,sdespain@hotmail.com,http://www.colonialcolorcorp.com,AB314
Stefanie,Prinkey,985 Joyce St,Surrey,BC,V3R 4T5,604-833-9067,stefanie_prinkey@prinkey.org,http://www.cheyennebusinessequipment.com,BC185
Suzi,Groom,9 W Jackson Blvd,Surrey,BC,V3S 7P4,604-700-2946,suzi.groom@groom.org,http://www.comiskyjamesl.com,BC084
Queenie,Kramarczyk,47 Garfield Ave,Swift Current,SK,S9H 4V2,306-421-5793,queenie.kramarczyk@kramarczyk.org,http://www.goemanwoodproductsinc.com,BC003
Vivan,Oppy,4696 Alewa Dr,Swift Current,SK,S9H 3S9,306-325-3090,voppy@gmail.com,http://www.recordjournal.com,BC063
Sherly,Vitrano,8 Cochise Trl,Sydney,NS,B1P 1C1,902-480-3185,svitrano@hotmail.com,http://www.stangelsfinancialservices.com,AB326
Pamela,Mccoskey,6 West St #2,Terrebonne,QC,J6W 4W3,450-282-1236,pamela.mccoskey@gmail.com,http://www.thriftlodge.com,AB247
Toi,Rollison,2 S Church St,Terrebonne,QC,J6W 1M9,450-714-2875,toi_rollison@rollison.com,http://www.armoredtransportofcainc.com,AB260
Adelle,Nitcher,10 Midway Dr,Thorold,ON,L2V 5C7,905-998-3758,anitcher@aol.com,http://www.johnjmccarthyagencyinc.com,BC037
Buck,Kotow,863 Mcgilchrist St Se,Thunder Bay,ON,P7E 2H1,807-668-2676,buck_kotow@aol.com,http://www.blackdrillcoinc.com,BC159
Catina,Emmert,19 Distribution Way,Thunder Bay,ON,P7C 4H3,807-652-2563,catina@gmail.com,http://www.noackdeaninsagttsbrkrs.com,BC222
Gaynell,Benavente,71 W Indian School Rd,Thunder Bay,ON,P7E 2H1,807-284-2501,gaynell@hotmail.com,http://www.lifeguardapparel.com,BC129
Noble,Miyata,7059 E Kilbourn Ave #252,Tillsonburg,ON,N4G 4Y4,519-346-6651,noble_miyata@gmail.com,http://www.autotrimdesign.com,BC173
Coral,Helmcamp,4184 E 142nd St,Toronto,ON,M5V 0B4,416-589-6075,coral.helmcamp@helmcamp.org,http://www.hepcoinc.com,BC036
Floyd,Bub,4701 N Cocoa Blvd,Toronto,ON,M4V 2Z2,416-557-9767,fbub@bub.com,http://www.southeasternservicesinc.com,AB233
Herschel,Geneseo,7753 W 8th,Toronto,ON,M4V 1Y3,416-786-7887,herschel@geneseo.com,http://www.moldeddimensionsinc.com,BC053
India,Sifford,162 Sunrise Plz,Toronto,ON,M5N 1J1,416-866-6707,isifford@sifford.org,http://www.fashionshopsave.com,BC061
Mable,Goerke,7 Woodbridge Ave,Toronto,ON,M6P 2V5,416-867-5879,mable_goerke@cox.net,http://www.detroitnewspapers.com,AB307
Makeda,Nosis,956 Sierra Ave,Toronto,ON,M5K 1A1,416-827-4082,makeda.nosis@yahoo.com,http://www.lloydsscreenprinting.com,AB163
Timothy,Bussert,43 Winnetka Ave,Toronto,ON,M4C 3Y1,416-521-5624,timothy@bussert.com,http://www.purdyangelineesq.com,BC205
Gretchen,Mckeon,809 W Bayshore Rd,Trail,BC,V1R 4Y2,250-617-7197,gretchen.mckeon@gmail.com,http://www.nendelsinnrenton.com,AB266
Gussie,Diflorio,881 South St #4,Trenton,ON,K8V 1G7,613-857-7922,gussie_diflorio@cox.net,http://www.cliffclarksincsalesserv.com,AB339
Troy,Dicus,58 Calle Arroyo,Trenton,ON,K8V 3Z2,613-938-7999,troy_dicus@yahoo.com,http://www.quickturncircuitsinc.com,AB255
William,Cilento,1434 Ash St,Trochu,AB,T0M 2C0,403-251-6126,william.cilento@gmail.com,http://www.bolandwilliamtjr.com,BC182
Chu,Collopy,8 E 9mile Rd #697,Trois-Rivieres,QC,G8V 2J6,819-677-1206,chu@aol.com,http://www.chiropracticcarecenter.com,AB213
Darci,Arau,2 Hill Rd,Trois-Rivieres,QC,G8Z 3J2,819-294-4679,darci@cox.net,http://www.broadsidepress.com,AB275
Dominga,Mckeon,68 Dd N #1,Trois-Rivieres,QC,G8T 7G3,819-627-1581,dominga_mckeon@yahoo.com,http://www.scottmurphyinc.com,BC072
Luis,Metzner,8868 S Arroyo Pkwy #996,Trois-Rivieres,QC,G8V 2J6,819-860-8913,lmetzner@metzner.org,http://www.hymanandlippitt.com,BC065
Tennie,Santanna,196 Waterman Ave #1,Trois-Rivieres,QC,G8T 6A2,819-261-5496,tennie@aol.com,http://www.macinsuranceagency.com,AB224
Dorsey,Neitzke,9768 A Aven #112,Truro,NS,B2N 3P6,902-936-9426,dorsey_neitzke@hotmail.com,http://www.turleyjosephm.com,AB347
Jeannine,Rippy,7767 W Central Ave #2,Truro,NS,B2N 6J6,902-811-1450,jeannine_rippy@rippy.com,http://www.huetterglenajr.com,BC177
Lottie,Hegdahl,45 W 21st St,Unionville,ON,L3R 2H1,905-638-1034,lottie_hegdahl@aol.com,http://www.managementprotectionservices.com,AB175
Hassie,Sarkin,958 Airline Dr,Valley,NS,B6L 2X2,902-210-1513,hassie_sarkin@aol.com,http://www.eisenlisa.com,AB280
Sheldon,Isachsen,35 Milnor St,Valley,NS,B6L 3K5,902-330-7314,sheldon@isachsen.org,http://www.youngcharlesresq.com,AB208
Bettina,Vosmus,7 Ryan Industrial Ct,Vancouver,BC,V6H 3Y2,604-752-9256,bettina@hotmail.com,http://www.willamettevalleywalnutsinc.com,BC113
Brandon,Geigel,70 W Main St,Vancouver,BC,V5Z 3S8,604-940-9313,bgeigel@gmail.com,http://www.royaltitleserviceinc.com,AB210
Hannah,Edmison,73 Pittsford Victor Rd,Vancouver,BC,V5Z 3K2,604-334-3686,hannah@yahoo.com,http://www.mbapaintstores.com,BC002
Janna,Bastain,41 Drive  Hwy 54s S,Vancouver,BC,V6N 3C5,604-575-7837,janna@bastain.com,http://www.hastingsrobertrjr.com,BC035
Jannette,Pedder,73 Madison Ave,Vancouver,BC,V6L 2V9,604-953-5335,jpedder@pedder.com,http://www.reifwmichaelesq.com,AB171
Kaycee,Alaibilla,8788 E 64th Ave,Vancouver,BC,V6R 1N3,604-992-6045,kaycee.alaibilla@yahoo.com,http://www.ahsptcsystemsmatlinc.com,AB155
Luisa,Harnish,82 Westminster Blvd,Vancouver,BC,V5X 2B5,604-399-1449,lharnish@harnish.com,http://www.levelexportsalescorp.com,BC058
Maynard,Zufall,5094 Poway Rd,Vancouver,BC,V5X 4K1,604-875-7745,mzufall@gmail.com,http://www.larkinjayrobertesq.com,AB305
Mindy,Presnal,82 Us Highway 111,Vancouver,BC,V5X 3K2,604-213-8721,mpresnal@yahoo.com,http://www.gavinwilliamhesq.com,AB165
Chauncey,Mcelreath,615 Main St #3722,Vanier,ON,K1L 7E2,613-908-7090,chauncey.mcelreath@yahoo.com,http://www.buchmanenterprisesinc.com,BC144
Lacresha,Quinones,48 Bernardo Cent,Vaudreuil-Dorion,QC,J7V 5V8,450-213-1080,lacresha@hotmail.com,http://www.johndrewtheaterofgldhall.com,AB178
Jaime,Perugini,7071 E 7th St #56,Verdun,QC,H4G 1X4,514-950-4495,jaime_perugini@perugini.com,http://www.beimotionsystemscoinc.com,BC106
Elfrieda,Hinsch,4929 Sidney St #8276,Vernon,BC,V1T 4A3,250-454-9384,elfrieda_hinsch@hinsch.org,http://www.ykgfy.com,BC023
Justa,Dini,8 J St,Vernon,BC,V1T 6J8,250-982-9377,justa.dini@hotmail.com,http://www.superiorcoffeefoods.com,AB130
Lenita,Darbro,2726 Franklin Hill Rd,Vernon,BC,V1T 7V8,250-749-4517,lenita@yahoo.com,http://www.balldavids.com,AB119
Yasuko,Greeves,4634 Anania Dr,Vernon,BC,V1B 3Z4,250-891-6910,ygreeves@cox.net,http://www.plant.com,BC082
Annice,Peckens,5 Falls Rd,Victoria,BC,V8V 2P7,250-727-7309,apeckens@peckens.org,http://www.heringglennzesq.com,BC244
Beata,Rubarts,19 Torresdale Ave #58,Victoria,BC,V8X 1R2,250-808-6765,beata_rubarts@aol.com,http://www.jaynbeeofficesolutionsltd.com,AB319
Ming,Eskew,4153 Broughton Ave,Victoria,BC,V9A 6P6,250-228-6798,ming_eskew@eskew.com,http://www.dickmanjscottesq.com,AB344
Twila,Shadle,20 Simpson Ferry Rd,Victoria,BC,V8Y 1H4,250-862-6746,tshadle@shadle.com,http://www.marksseymouresq.com,BC093
Oneida,Pospishil,5 E King St #6,Victoriaville,QC,G6T 1N5,819-511-9240,opospishil@aol.com,http://www.katherinegoldmanpc.com,AB294
Essie,Fitzke,9 3rd St,Welshpool,NB,E5E 1G8,506-785-2719,essie_fitzke@fitzke.org,http://www.artisticgiftsinc.com,BC162
Lindsey,Arnoldi,87 Via Contenta,West Kelowna,BC,V1Z 2J2,250-387-4636,larnoldi@arnoldi.com,http://www.westernstatespetroleuminc.com,AB267
Hildegarde,Wehrwein,2 Cottman Ave,West Vancouver,BC,V7T 1R7,604-960-7463,hwehrwein@gmail.com,http://www.oceanstaterentalcorp.com,AB138
Milly,Pattengale,20 Fort Campbell Blvd #4792,Wetaskiwin,AB,T9A 3K1,780-799-6418,milly@hotmail.com,http://www.schellericfesq.com,AB323
Amalia,Wolfgang,394 Dice Rd #861,Windsor,ON,N8N 3V8,519-219-3608,amalia_wolfgang@wolfgang.org,http://www.knutsonbeckysesq.com,BC030
Francoise,Rautenstrauch,2335 Canton Hwy #6,Windsor,ON,N8N 3N2,519-569-8399,francoise.rautenstrauch@rautenstrauch.com,http://www.riebesellhfjr.com,AB101
Kimberely,Rabuse,89 W 35th St #1,Windsor,ON,N8S 3R1,519-912-5533,kimberely.rabuse@cox.net,http://www.careypauldesq.com,BC013
Malcom,Vereen,548 Midland Ave,Windsor,ON,N8T 1V1,519-334-1058,malcom.vereen@yahoo.com,http://www.wesoradiostation.com,BC197
Shoshana,Courter,8763 N Front St,Windsor,ON,N8Y 4T9,519-396-2906,shoshana@courter.org,http://www.harryjersigcenter.com,AB250
Susana,Mccarley,7 S Quebec,Windsor,ON,N9E 2G5,519-491-9261,susana_mccarley@gmail.com,http://www.kinkoscopies.com,AB329
Bo,Sabota,779 Moore St,Winnipeg,MB,R3R 2Z5,204-210-4967,bo_sabota@sabota.com,http://www.landengineeringsurvcoinc.com,BC098
Denae,Eggers,475 S Figueroa St,Winnipeg,MB,R2K 3B5,204-341-2445,denae_eggers@gmail.com,http://www.brookwoodinn.com,BC212
Jaime,Lowrance,1 Nw 167th St,Winnipeg,MB,R3J 2Z1,204-438-6204,jaime.lowrance@lowrance.org,http://www.samsliquordeli.com,AB133
Mabel,Elmquist,8570 E 8th St,Winnipeg,MB,R2K 0Y2,204-285-3978,mabel_elmquist@elmquist.com,http://www.tarkettinc.com,BC232
Marnie,Purslow,3068 N Interstate 35,Winnipeg,MB,R2V 3G6,204-904-1386,marnie.purslow@purslow.com,http://www.centurytwinoaksrltyinc.com,AB333
Merri,Geberth,4 Beaverbrook Rd,Winnipeg,MB,R2P 2J7,204-894-9221,merri.geberth@geberth.com,http://www.juniatacollege.com,AB297
Paulina,Arand,5652 Wisconsin Ave,Winnipeg,MB,R2J 2V1,204-636-8766,paulina_arand@cox.net,http://www.americongazellefactoryoutlt.com,AB239
Margot,Storrs,237 S French Ave,Woodbridge,ON,L4H 2L8,905-309-5010,mstorrs@cox.net,http://www.wilsonthomasmiii.com,BC140
Harley,Works,27 Spring St,Woodstock,ON,N4S 2K1,519-913-7772,harley@cox.net,http://www.allianceconstructioncoinc.com,BC057
Paris,Bellis,89 Parade St,Woodstock,ON,N4S 3K1,519-909-5933,paris@gmail.com,http://www.woodstownnatlbnktrstco.com,AB241
Hollis,Stanfield,5174 Interstate 45 N,Yellowhead County,AB,T7E 3A7,780-574-5620,hollis.stanfield@aol.com,http://www.feehanplumbingheating.com,BC014
Dona,Larner,4298 E Drinker St,York,ON,M6M 1V5,416-884-9104,dona@hotmail.com,http://www.birminghamhistoricalsociety.com,BC096
Zoila,Lannigan,40 N Dean St,York,ON,M6N 3Z2,416-322-9207,zlannigan@aol.com,http://www.foxchasefederalsavingsbank.com,BC153
