"order_id","email","first_name","last_name","address","city","province","postal","phone1","web","status","date"
"AB102","lourdes_bauswell@aol.com","Lourdes","Bauswell","9547 Belmont Rd #21","Belleville","ON","K8P 1B3","613-903-7043","http://www.oklahomaneoninc.com","success","23-01-2021"
"AB104","hui_portaro@cox.net","Hui","Portaro","3 Mill Rd","Baker Brook","NB","E7A 1T3","506-827-7755","http://www.astorageinnofgloucester.com","success","23-01-2021"
"AB105","lsteinhaus@cox","Lea","Steinhaus","80 Maplewood Dr #34","Bradford","ON","L3Z 2S4","905-618-8258","http://www.jameschristopheresq.com","hold","13-09-2021"
"AB109","crissy@aol.com","Crissy","Pacholec","85 S State St","Barrie","ON","L4N 6T7","705-477-2307","http://www.cgisystemsinc.com","success","01-05-2020"
"AB172","dahlia_benett@aol.com","Dahlia","Benett","3986 Home Life","Alma","QC","G8B 1K7","418-344-9993","http://www.docoschoolemplfedcrdtun.com","success","12-10-2021"
"AB186","margurite.brake@yahoo.com","Margurite","Brake","258 S Ash Ave","Amherstburg","ON","N9V 1S8","519-476-5983","http://www.moyerdavidwesq.com","success","14-03-2021"
"AB191","carol@gmail.com","Carol","Normington","1 S Kresson St","Alma","QC","G8E 1G2","418-540-2207","http://www.westwoodspecialties.com","success","09-08-2021"
"AB194","speadcox.net","Sarina","Pead","7821 16th St Nw","Ajax","ON","L1S 1S7","905-696-6221","http://www.burgessmanninginc.com","hold","05-07-2021"
"AB257","avery.masso@hotmail.com","Avery","Masso","6 Central Ave #664","Amherst","NS","B4H 1N1","902-588-8947","http://www.farwesterntrophyawards.com","success","02-02-2021"
"AB265","lfrisinger@cox.net","Lasandra","Frisinger","1 Highway 71 S","Abbotsford","BC","L1S 2G5","604-210-7413","http://www.jmrmarketinggraphicscorp.com","hold","13-07-2021"
"AB287","lavina.michelet@michelet.org","Lavina","Michelet","2719 N Delaware St","Anjou","QC","H1M 1X5","514-842-3549","http://www.environmentaldataresources.com","success","17-01-2020"
"AB301","brice_rowe@aol.com","Brice","Rowe","5 New Circle Rd Ne","Belleville","ON","K8N 1R9","613-631-9322","http://www.marylandmatchcorp.com","success","16-11-2021"
"AB302","example@example.com","Janae","Mair","8 S Mcmullen Dr #38","Ajax","ON","L1T 1R5","905-501-5086","http://www.parkavenueaudioinc.com","Success","26-12-2021"
"AB337","marleen_hennon@aol.com","Marleen","Hennon","2863 Brooklyn Terminal Mkt","Abbotsford","BC","V2S 4M2","604-545-3662","http://www.welschmetalproductsinc.com","success","29-09-2021"
"AB350","ddobler@dobler.com","Daniel","Dobler","259 W 17th St #39","Beresford","NB","E8K 1B7","506-617-2607","http://www.cosgrovesnendplbghdwrco.com","success","29-09-2021"
"BC001","kloud@gmail.com","Kendra","Loud","6 Arch St #9757","Alcida","NB","E8J 2C4","506-363-1526","http://www.deloittetouche.com","success","11-11-2021"
"BC005","paola_vielma@aol.com","Paola","Vielma","58 Hancock St","Aurora","ON","L4G 2J7","905-456-1117","http://www.congresstitle.com","success","09-08-2021"
"BC016","dell_polino@polino.com","Dell","Polino","56 Corporate Dr","Becancour","QC","G9H 1H7","819-255-1725","http://www.saintjohnneumannnursehome.com","success","28-03-2020"
"BC022","carole_hughlett@hughlett.com","Carole","Hughlett","9 N Central Ave","Abbotsford","BC","V2S 5R3","604-262-8556","http://www.kolodnyhowardesq.com","success","31-12-2020"
"BC029","salina.knavel@gmail.com","Salina","Knavel","4 Newark St","Arnprior","ON","K7S 2G8","613-280-7170","http://www.schillerosbourn.com","success","04-09-2021"
"BC032","agustin.lakatos@gmaaail.com","Agustin","Lakatos","23 E Wacker Dr #64","Becancour","QC","G9H 4T4","819-365-5394","http://www.thrasherjohneesq.com","hold","19-07-2021"
"BC039","darell_mcalarney@mcalarney.com","Darell","Mcalarney","8 E 92nd St","Ajax","ON","L1S 6V3","905-846-7737","http://www.janneymontgomeryscottinc.com","success","08-01-2021"
"BC045","lazaro@gmail.com","Lazaro","Mollison","31 E Middlefield Rd #8555","Beloeil","QC","J3G 3G5","450-356-6427","http://www.uniteddrillinginc.com","hold","14-12-2021"
"BC047","nadine_swartzbeck@swartzbeck.org","BC047","Swartzbeck","3 Federal Blvd","Beloeil","QC","J3G 4M4","450-353-2331","http://www.contactenterprises.com","success","17-02-2021"
"BC060","cscotts@aol.com","Colby","Scotts","7 E 1st St","Barrie","ON","L4N 3M9","705-668-5094","http://www.masshumanservicescoalition.com","success","24-04-2021"
"BC101","tayna\\_keirnan@gmail.com","Tanya","Keirnan","18 Cowesett Ave","Barrie","ON","F4N 5C5","705-655-5936","http://www.hartzjernestesq.com","hold","18-02-2021"
"BC104","long.shintaku@shintaku.org","Long","Shintaku","8 W 41st Ave","Blainville","QC","J7C 2R9","450-771-5010","http://www.georgetownagency.com","success","10-03-2021"
"BC127","bdewer@gmail.com","Barney","Dewer","88 Norris Ave #2","Bedford","NS","B4A 3V5","902-287-1148","http://www.anthonyrichardaesq.com","success","04-12-2021"
"BC130","yvette.capiga@yahoo.com","Yvette","Capiga","33 Broadway St #8539","Big Valley","AB","T0J 0G0","403-919-6456","http://www.stierbrianeesq.com","success","10-08-2021"
"BC132","valene@madson.org","Valene","Madson","42 Main St","Alma","QC","G8B 7M5","418-646-3844","http://www.hjheinzfldofcdistrbctr.com","success","05-06-2021"
"BC134","kdrizin@aol.com","Kenneth","Drizin","2 Scott Blvd","Amos","QC","J9T 1S3","819-999-6396","http://www.packagingcorpofamerica.com","success","08-12-2020"
"BC145","anjelica@lovero.org","Anjelica","Lovero","689 S Steele St #1887","Amherst","NS","B4H 1K5","902-386-1443","http://www.daytonappliancepartsco.com","success","07-05-2021"
"BC179","dion_lamastuslamastus.com","Dion","Lamastus","44 S Highland Dr","Albanel","QC","G8M 3P2","418-212-6756","http://www.nationalcompugraphixinc.com","hold","04-12-2020"
"BC184","rwetherby@wetherby.org","Rochell","Wetherby","142 E 57th Ave #2","Amqui","QC","G5J 1E2","418-362-9768","http://www.imgsceneinternetmultimedia.com","success","05-02-2021"
"BC190","wenona.braseth@braseth.org","Wenona","Braseth","7 Ramon Rd","Beloeil","QC","J3G 2C1","450-751-1928","http://www.weinbrendonbesq.com","success","11-10-2021"
"BC202","dmakley@yahoo.com","Darrel","Makley","6 N Volusia Ave #2","Baie-Sainte-Anne","NB","E9A 1P1","506-839-5378","http://www.alliedsignalengines.com","success","09-01-2021"
"BC204","alison_mahlum@hotmail.com","Alison","Mahlum","841 N Monroe St","Belleville","ON","K8N 2W3","613-862-3122","http://www.walterjeromeinc.com","success","17-05-2021"
"BC214","coral.brennick@brennick.com","Coral","Brennick","15 Ludlow Ave #156","Boucherville","QC","J4B ","450-480-7421","http://www.barbourmichaeljesq.com","hold","31-12-2021"
"BC228","dmathiasen@hotmail.com","Darrin","Mathiasen","35 Peconic Ave #4","Boucherville","QC","J4B 3Y4","450-536-7426","http://www.miltondailystandard.com","success","18-02-2021"